{
    "acc": 0.9295126705653022,
    "loss": 0.2767858910804006
}