{
    "acc": 0.7954756180614246,
    "loss": 0.5796682021418529
}